{"0x36392ba753d76c285c32211ed086eb1b54f83422": {"active": false, "max_bet_eth": 0.001, "last_bet_round": 184, "last_prediction": {"direction": "UP", "confidence": 0.4675, "predicted_return": 0.0, "bet_amount_eth": 0.001, "tx_hash": "f87aed90567ca0285a6db7cf8d5c849b04decfbae1c6a14e4fa25471863cbda0", "timestamp": 1771905053.966691}, "logs": ["20:56:53 Skipping: Insufficient Vault Balance (0.00084 < 0.001+gas)", "21:02:09 Skipping: Insufficient Vault Balance (0.00084 < 0.001+gas)", "21:07:27 Skipping: Insufficient Vault Balance (0.00084 < 0.001+gas)", "21:12:44 Skipping: Insufficient Vault Balance (0.00084 < 0.001+gas)", "21:18:02 Skipping: Insufficient Vault Balance (0.00084 < 0.001+gas)", "21:23:19 Skipping: Insufficient Vault Balance (0.00084 < 0.001+gas)", "21:28:37 Skipping: Insufficient Vault Balance (0.00084 < 0.001+gas)", "21:33:55 Skipping: Insufficient Vault Balance (0.00084 < 0.001+gas)", "21:39:12 Skipping: Insufficient Vault Balance (0.00084 < 0.001+gas)", "21:44:30 Skipping: Insufficient Vault Balance (0.00084 < 0.001+gas)", "21:49:49 Skipping: Insufficient Vault Balance (0.00084 < 0.001+gas)", "21:55:05 Skipping: Insufficient Vault Balance (0.00084 < 0.001+gas)", "22:00:21 Skipping: Insufficient Vault Balance (0.00084 < 0.001+gas)", "22:05:39 Skipping: Insufficient Vault Balance (0.00084 < 0.001+gas)", "22:10:56 Skipping: Insufficient Vault Balance (0.00084 < 0.001+gas)", "22:16:14 Skipping: Insufficient Vault Balance (0.00084 < 0.001+gas)", "22:21:30 Skipping: Insufficient Vault Balance (0.00084 < 0.001+gas)", "22:26:58 Skipping: Insufficient Vault Balance (0.00084 < 0.001+gas)", "22:32:16 Skipping: Insufficient Vault Balance (0.00084 < 0.001+gas)", "22:37:33 Skipping: Insufficient Vault Balance (0.00084 < 0.001+gas)", "22:42:52 Skipping: Insufficient Vault Balance (0.00084 < 0.001+gas)", "22:48:07 Skipping: Insufficient Vault Balance (0.00084 < 0.001+gas)", "22:53:26 Skipping: Insufficient Vault Balance (0.00084 < 0.001+gas)", "22:58:42 Skipping: Insufficient Vault Balance (0.00084 < 0.001+gas)", "23:04:15 Skipping: Insufficient Vault Balance (0.00084 < 0.001+gas)", "23:09:29 Skipping: Insufficient Vault Balance (0.00084 < 0.001+gas)", "23:14:45 Skipping: Insufficient Vault Balance (0.00084 < 0.001+gas)", "23:20:15 Skipping: Insufficient Vault Balance (0.00084 < 0.001+gas)", "23:25:30 Skipping: Insufficient Vault Balance (0.00084 < 0.001+gas)", "23:30:47 Skipping: Insufficient Vault Balance (0.00084 < 0.001+gas)", "23:36:05 Skipping: Insufficient Vault Balance (0.00084 < 0.001+gas)", "23:41:34 Skipping: Insufficient Vault Balance (0.00084 < 0.001+gas)", "23:46:50 Skipping: Insufficient Vault Balance (0.00084 < 0.001+gas)", "23:52:07 Skipping: Insufficient Vault Balance (0.00084 < 0.001+gas)", "23:57:24 Skipping: Insufficient Vault Balance (0.00084 < 0.001+gas)", "00:02:41 Skipping: Insufficient Vault Balance (0.00084 < 0.001+gas)", "00:07:58 Skipping: Insufficient Vault Balance (0.00084 < 0.001+gas)", "00:13:18 Skipping: Insufficient Vault Balance (0.00084 < 0.001+gas)", "00:18:45 Skipping: Insufficient Vault Balance (0.00084 < 0.001+gas)", "00:23:57 Skipping: Insufficient Vault Balance (0.00084 < 0.001+gas)", "00:29:16 Bot stopped by user", "00:29:17 Skipping: Insufficient Vault Balance (0.00084 < 0.001+gas)", "13:45:37 Bot started | max bet: 0.001 ETH", "13:45:37 Bot activated. Waiting for next round cycle...", "13:45:42 Bot stopped by user", "22:02:59 Bot started | max bet: 0.001 ETH", "22:02:59 Bot activated. Waiting for next round cycle...", "06:50:40 Queueing Batch Bet: UP | 0.0010 ETH", "06:50:53 Batch Bet Executed! Tx: f87aed9056...", "12:03:54 Bot stopped by user"], "total_bets": 26, "wins": 0, "losses": 0}, "0xeb82b203aeb015fdabec307eb7d6132aaa13f324": {"active": false, "max_bet_eth": 0.01, "last_bet_round": 0, "last_prediction": null, "logs": [], "total_bets": 0, "wins": 0, "losses": 0}, "0x43cf9a97b54f1d1a5144464cbec66c7dfc6ebbfd": {"active": false, "max_bet_eth": 0.01, "last_bet_round": 0, "last_prediction": null, "logs": [], "total_bets": 0, "wins": 0, "losses": 0}, "0x0000000000000000000000000000000000000000": {"active": false, "max_bet_eth": 0.01, "last_bet_round": 0, "last_prediction": null, "logs": [], "total_bets": 0, "wins": 0, "losses": 0}, "0xbe898451446394f5e54605f11bfb47a31f0ef927": {"active": false, "max_bet_eth": 0.01, "last_bet_round": 0, "last_prediction": null, "logs": ["16:47:00 Bot started | max bet: 0.01 ETH", "16:47:00 Bot activated. Waiting for next round cycle...", "16:47:04 Bot stopped by user"], "total_bets": 0, "wins": 0, "losses": 0}}